E-mail,Password,Username
pratham_df,Ind!@123,pratham_df
Parnika_df,Parnika@123,Parnika_df
Damini_df,Damini@123,Damini_df
MuktaV_df,Mukta@123,MuktaV_df
Khalid_df,Khalid@123,Khalid_df
Osama_df,Osama@123,Osama_df
Fatima_df,Fatima@123,Fatima_df
Huda_df,Huda@123,Huda_df
Sara_df,Sara@123,Sara_df
Mangla_df,Mangla@123,Mangla_df
Datascience_df,Datascience@123,Datascience_df
Jai_df,Jai@123,Jai_df
